{
    "id": 4,
    "title": "Street Performance: Call for Artist",
    "thumbnail": {
        "src": "/images/event/04.jpg"
    },
    "start_date": "2022-10-01",
    "end_date": "2022-10-01",
    "start_time": "16:00:00",
    "end_time": "21:30:00",
    "venue": "5555 North River Road Rosemont, IL 60018",
    "location": {
        "city": "Illinois",
        "country": "US",
        "zip": "20099",
        "latitude": 40.758062,
        "longitude": -73.9699129
    },
    "price": 29.00,
    "currency": "$",
    "total_slot": 50,
    "speakers": [
        {
            "id": 1,
            "name": "Solomon",
            "designation": "Designer",
            "image": {
                "src": "/images/speaker/speaker-6.jpg"
            }
        },
        {
            "id": 2,
            "name": "Emerson",
            "designation": "Developer",
            "image": {
                "src": "/images/speaker/speaker-1.jpg"
            }
        },
        {
            "id": 3,
            "name": "Bellezza",
            "designation": "Content Writer",
            "image": {
                "src": "/images/speaker/speaker-2.jpg"
            }
        },
        {
            "id": 4,
            "name": "Lilybelle",
            "designation": "Office Manager",
            "image": {
                "src": "/images/speaker/speaker-3.jpg"
            }
        },
        {
            "id": 5,
            "name": "Lucinda",
            "designation": "Manager",
            "image": {
                "src": "/images/speaker/speaker-4.jpg"
            }
        },
        {
            "id": 6,
            "name": "Orabelle",
            "designation": "Art Director",
            "image": {
                "src": "/images/speaker/speaker-5.jpg"
            }
        }
    ],
    "body": [
        {
            "id": 1,
            "type": "text",
            "content": "Each year The Old Auction House curates themed group exhibitions for those artists who wish to exhibit but may not have sufficient work to fill a whole gallery."
        },
        {
            "id": 2,
            "type": "text",
            "content": "No matter if you use it for outline, details, or shading the use of line can bring your art to life. Show us how the element of line enhances your creativity."
        }
    ]
}