{
    "name": "about-us-03",
    "content": [
        {
            "section": "funfact-area",
            "section_title": {
                "title": "Maximizing Your Potentials with <span>WCCCoach Edu</span>",
                "subtitle": "Everything is <strong>WCCCoach</strong>",
                "description": "We love to inspire and guide you through any subject, develop new skills or upgrade your educational background."
            },
            "motto": {
                "text": "Have questions?​",
                "path": "/start-here",
                "pathText": "Get Free Guidbook"
            },
            "items": [
                {
                    "id": 1,
                    "title": "Finished Sessions",
                    "counter": 1.926
                },
                {
                    "id": 2,
                    "title": "Online Enrollment",
                    "suffix": "+",
                    "counter": 3.092
                },
                {
                    "id": 3,
                    "title": "Subjects Taught",
                    "counter": 200
                },
                {
                    "id": 4,
                    "title": "Satisfaction rate",
                    "suffix": "%",
                    "counter": 100
                }
            ]
        },
        {
            "section": "faq-area",
            "section_title": {
                "title": "Construct A <span>Stunning</span> Career Perspective",
                "subtitle": "Everything <strong>WCCCoach</strong>"
            },
            "items": [
                {
                    "id": 1,
                    "title": "Multiple Platforms Supported for Teaching & Studying",
                    "description": "WCCCoach supports the act of teaching and learning on multiple platforms like online or offline via material downloads. We know things aren’t supposed to be devoured in a short time, you can always access our knowledge base from any device."
                },
                {
                    "id": 2,
                    "title": "Multiple Course Participation at the Same Time",
                    "description": "Study for a number of courses at the same time is possible as long as you can afford the fee and time for completing them in the proper time. Learn at your own desired timeline and timetable. Maximum up to 5 course at a time for a learner at WCCCoach."
                },
                {
                    "id": 3,
                    "title": "Track Study Progress & Deliver Prompt Feedback",
                    "description": "It’s not just a normal thing to be able to build such a solid online educational system like WCCCoach where your progress is easily tracked and feedback is properly delivered. We promise to keep improving our system for better stability and flexibility."
                }
            ],
            "images": [
                {
                    "src": "/images/about/about03/about-us-03-image-01.png"
                }
            ]
        },
        {
            "section": "testimonial-area",
            "section_title": {
                "title": "Why People Talk About <span>WCCCoach</span>?"
            },
            "items": [
                {
                    "id": 1,
                    "name": "Florence Themes",
                    "designation": "Multimedia Admin",
                    "description": "I'm a very strict person so I require everything to be organized and neat. WCCCoach guys just got me.",
                    "images": [
                        {
                            "src": "/images/testimonial/200/testimonial-avata-02.jpg"
                        }
                    ]
                },
                {
                    "id": 2,
                    "name": "Mina Hollace",
                    "designation": "Freelancer",
                    "description": "I am free to learn at my own pace, follow my own schedule and choose the subject I like. Great study portal for people like me.",
                    "images": [
                        {
                            "src": "/images/testimonial/200/testimonial-avata-03.jpg"
                        }
                    ]
                },
                {
                    "id": 3,
                    "name": "Madley Pondor",
                    "designation": "IT Specialist",                    
                    "description": "WCCCoach is my best choice. Their tutors are smart and professional when dealing with students.",
                    "images": [
                        {
                            "src": "/images/testimonial/200/testimonial-avata-04.jpg"
                        }
                    ]
                },
                {
                    "id": 4,
                    "name": "Luvic Dubble",
                    "designation": "Private Tutor",                    
                    "description": "I am happy with their arrangement of lessons and subjects. They reflect a scientific investigation.",
                    "images": [
                        {
                            "src": "/images/testimonial/200/testimonial-avata-01.jpg"
                        }
                    ]
                }
            ]
        },
        {
            "section": "brand-area",
            "items": [
                {
                    "id": 1,
                    "images": [
                        {
                            "src": "/images/brand/client-logo-colored-01.png"
                        }
                    ]
                },
                {
                    "id": 2,
                    "images": [
                        {
                            "src": "/images/brand/client-logo-colored-02.png"
                        }
                    ]
                },
                {
                    "id": 3,
                    "images": [
                        {
                            "src": "/images/brand/client-logo-colored-03.png"
                        }
                    ]
                },
                {
                    "id": 4,
                    "images": [
                        {
                            "src": "/images/brand/client-logo-colored-04.png"
                        }
                    ]
                },
                {
                    "id": 5,
                    "images": [
                        {
                            "src": "/images/brand/client-logo-colored-05.png"
                        }
                    ]
                },
                {
                    "id": 6,
                    "images": [
                        {
                            "src": "/images/brand/client-logo-colored-06.png"
                        }
                    ]
                },
                {
                    "id": 7,
                    "images": [
                        {
                            "src": "/images/brand/client-logo-colored-01.png"
                        }
                    ]
                }
            ]
        },
        {
            "section": "service-area",
            "section_title": {
                "title": "Things We <span>Can Help</span> You.",
                "subtitle":"Maximize your potentials"
            },
            "items": [
                {
                    "id": 1,
                    "icon": "linea-basic-flag2",
                    "title": "Life Mentoring",
                    "description": "Get some soul healing and guidance for your future career and vocational directions.",
                    "path": "/start-here"
                },
                {
                    "id": 2,
                    "icon": "linea-basic-gear",
                    "title": "Self Development",
                    "description": "Develop skills for career of various majors including computer science & language competence.",
                    "path": "/start-here"
                },
                {
                    "id": 3,
                    "icon": "linea-basic-life-buoy",
                    "title": "Ask Consultancy",
                    "description": "Make a reservation with our special consultant to learn what's best for your dream career.",
                    "path": "/start-here"
                },
                {
                    "id": 4,
                    "icon": "linea-basic-display",
                    "title": "Remote Learning",
                    "description": "Learn from anywhere in the world on desktop, tablet or mobile phone with an Internet connection.",
                    "path": "/start-here"
                }
            ],
            "images": [
                {
                    "src": "/images/about/about03/about-us-03-image-02.png"
                }
            ]
        },
        {
            "section": "cta-area",
            "section_title": {
                "title": "You can be your own guiding star with our help!",
                "subtitle":"Start today for getting <span>Online Certification</span>"
            },
            "buttons": [
                {
                    "id": 1,
                    "path": "/start-here",
                    "content": "Get started for free"
                }
            ]
        }
    ]
}