{
    "id": 1,
    "name": "Owen Christ",
    "image": {
        "src": "/images/author/author-01.jpg"
    },
    "bio": "Owen Christ is an author, blogger, and designer living in a suburb of Washington, DC. When she’s not designing, blogging, or writing, Owen can be found with her head in a book or pinning like a madman.",
    "socials": [
        {
            "label": "twitter",
            "icon": "fab fa-twitter",
            "url": "https://twitter.com"
        },
        {
            "label": "facebook",
            "icon": "fab fa-facebook-f",
            "url": "https://www.facebook.com"
        },
        {
            "label": "instagram",
            "icon": "fab fa-instagram",
            "url": "https://www.instagram.com"
        },
        {
            "label": "pinterest",
            "icon": "fab fa-pinterest",
            "url": "https://www.pinterest.com"
        }
    ]
}